{
  "version": 1,
  "author": "Uri Shaked",
  "editor": "wokwi",
  "parts": [
    { "type": "wokwi-breadboard", "id": "bb1", "top": -281.4, "left": -314, "attrs": {} },
    { "type": "wokwi-esp32-devkit-v1", "id": "esp", "top": 4.7, "left": 4.6, "attrs": {} },
    {
      "type": "wokwi-resistor",
      "id": "r1",
      "top": -177.6,
      "left": -154.15,
      "rotate": 90,
      "attrs": { "value": "220" }
    },
    {
      "type": "wokwi-dht22",
      "id": "dht1",
      "top": -345.3,
      "left": -101.4,
      "attrs": { "humidity": "58.5", "temperature": "49.8" }
    },
    {
      "type": "wokwi-led",
      "id": "led3",
      "top": -272.4,
      "left": -188.2,
      "attrs": { "color": "green" }
    },
    {
      "type": "wokwi-led",
      "id": "led4",
      "top": -272.4,
      "left": -149.8,
      "attrs": { "color": "red" }
    },
    {
      "type": "wokwi-resistor",
      "id": "r3",
      "top": -177.6,
      "left": -192.55,
      "rotate": 90,
      "attrs": { "value": "220" }
    },
    {
      "type": "wokwi-led",
      "id": "led1",
      "top": -272.4,
      "left": -44.2,
      "attrs": { "color": "yellow" }
    },
    {
      "type": "wokwi-resistor",
      "id": "r2",
      "top": -177.6,
      "left": -48.55,
      "rotate": 90,
      "attrs": { "value": "220" }
    },
    {
      "type": "wokwi-photoresistor-sensor",
      "id": "ldr1",
      "top": -112,
      "left": -517.6,
      "attrs": {}
    }
  ],
  "connections": [
    [ "esp:TX0", "$serialMonitor:RX", "", [] ],
    [ "esp:RX0", "$serialMonitor:TX", "", [] ],
    [ "bb1:25t.e", "bb1:bn.20", "black", [ "v0" ] ],
    [ "esp:VIN", "bb1:bp.3", "red", [ "h0" ] ],
    [ "bb1:22t.e", "bb1:bp.17", "red", [ "v0" ] ],
    [ "esp:D14", "bb1:14b.j", "green", [ "h0" ] ],
    [ "esp:D27", "bb1:18b.j", "violet", [ "h0" ] ],
    [ "esp:D25", "bb1:29b.j", "gold", [ "h0" ] ],
    [ "bb1:bn.10", "bb1:13t.e", "black", [ "v0" ] ],
    [ "bb1:bn.13", "bb1:17t.e", "black", [ "v0" ] ],
    [ "bb1:bn.22", "bb1:28t.e", "black", [ "v0" ] ],
    [ "esp:GND.2", "bb1:bn.4", "black", [ "h-249.6", "v-230.5" ] ],
    [ "r1:1", "bb1:18t.d", "", [ "$bb" ] ],
    [ "r1:2", "bb1:18b.h", "", [ "$bb" ] ],
    [ "dht1:VCC", "bb1:22t.a", "", [ "$bb" ] ],
    [ "dht1:SDA", "bb1:23t.a", "", [ "$bb" ] ],
    [ "dht1:NC", "bb1:24t.a", "", [ "$bb" ] ],
    [ "dht1:GND", "bb1:25t.a", "", [ "$bb" ] ],
    [ "led3:A", "bb1:14t.a", "", [ "$bb" ] ],
    [ "led3:C", "bb1:13t.a", "", [ "$bb" ] ],
    [ "led4:A", "bb1:18t.a", "", [ "$bb" ] ],
    [ "led4:C", "bb1:17t.a", "", [ "$bb" ] ],
    [ "r3:1", "bb1:14t.d", "", [ "$bb" ] ],
    [ "r3:2", "bb1:14b.h", "", [ "$bb" ] ],
    [ "led1:A", "bb1:29t.a", "", [ "$bb" ] ],
    [ "led1:C", "bb1:28t.a", "", [ "$bb" ] ],
    [ "r2:1", "bb1:29t.d", "", [ "$bb" ] ],
    [ "r2:2", "bb1:29b.h", "", [ "$bb" ] ],
    [ "bb1:23t.e", "esp:D12", "blue", [ "v0" ] ],
    [ "ldr1:AO", "esp:D34", "cyan", [ "h0", "v124.1" ] ],
    [ "ldr1:GND", "bb1:bn.1", "black", [ "h0" ] ],
    [ "ldr1:VCC", "bb1:bp.1", "red", [ "h0" ] ]
  ],
  "dependencies": {}
}